title,url,category,filetype,slide_count,publishing_consultancy
Digital Transformation Strategy,https://flevy.com/browse/marketplace/digital-transformation-strategy-2249,Strategy & Transformation,PowerPoint,145,LearnPPT Consulting
Complete Business Frameworks Reference Guide,https://flevy.com/browse/marketplace/complete-business-frameworks-reference-guide-644,Strategy & Transformation,PowerPoint,407,LearnPPT Consulting
Growth Strategy,https://flevy.com/browse/marketplace/growth-strategy-208,Strategy & Transformation,PowerPoint,41,LearnPPT Consulting
"Strategic Planning: Process, Key Frameworks, and Tools",https://flevy.com/browse/marketplace/strategic-planning-process-key-frameworks-and-tools-5202,Strategy & Transformation,PowerPoint,79,ILMAM - Strategy & Management Consulting
Complete Guide to Business Strategy Design,https://flevy.com/browse/marketplace/complete-guide-to-business-strategy-design-375,Strategy & Transformation,PowerPoint,51,STRATICX
Five Stages of Business Growth,https://flevy.com/browse/marketplace/five-stages-of-business-growth-249,Strategy & Transformation,PowerPoint,25,LearnPPT Consulting
Organizational Design and Capability Analysis,https://flevy.com/browse/flevypro/organizational-design-and-capability-analysis-1705,Strategy & Transformation,PowerPoint,31,LearnPPT Consulting
Pricing Strategy,https://flevy.com/browse/marketplace/pricing-strategy-226,Strategy & Transformation,PowerPoint,38,LearnPPT Consulting
Strategic Planning: Hoshin Kanri (Hoshin Planning),https://flevy.com/browse/marketplace/strategic-planning-hoshin-kanri-hoshin-planning-155,Strategy & Transformation,PowerPoint,153,Operational Excellence Consulting
Best Practices in Strategic Planning,https://flevy.com/browse/flevypro/best-practices-in-strategic-planning-2738,Strategy & Transformation,PowerPoint,23,PPT Lab
M&A Sell-Side Process Letter - Phase I and Phase II,https://flevy.com/browse/marketplace/manda-sell-side-process-letter-phase-i-and-phase-ii-3758,Strategy & Transformation,Word,5,Corporate Finance 101
Key Account Management 101 - Best Practices,https://flevy.com/browse/marketplace/key-account-management-101-best-practices-2787,Strategy & Transformation,PowerPoint,47,P-Square Partners
Scenario Planning,https://flevy.com/browse/marketplace/scenario-planning-243,Strategy & Transformation,PowerPoint,23,LearnPPT Consulting
Ultimate Go-to-Market Strategy Guide,https://flevy.com/browse/marketplace/ultimate-go-to-market-strategy-guide-6204,Strategy & Transformation,PowerPoint,29,Trinity Consulting
Complete Guide to Strategy Consulting Frameworks,https://flevy.com/browse/marketplace/complete-guide-to-strategy-consulting-frameworks-6207,Strategy & Transformation,PowerPoint,144,LearnPPT Consulting
Guide to Business Strategy Execution,https://flevy.com/browse/marketplace/guide-to-business-strategy-execution-873,Strategy & Transformation,PowerPoint,48,LearnPPT Consulting
Cost Reduction Opportunities (across Value Chain),https://flevy.com/browse/marketplace/cost-reduction-opportunities-across-value-chain-204,Strategy & Transformation,PowerPoint,24,LearnPPT Consulting
Product Lifecycle,https://flevy.com/browse/marketplace/product-lifecycle-227,Strategy & Transformation,PowerPoint,34,LearnPPT Consulting
Balanced Scorecard,https://flevy.com/browse/marketplace/balanced-scorecard-134,Strategy & Transformation,PowerPoint,34,PPT Lab
Marketing Plan Development Framework,https://flevy.com/browse/marketplace/marketing-plan-development-framework-174,Strategy & Transformation,PowerPoint,63,PPT Lab
Structured Problem Solving & Hypothesis Generation,https://flevy.com/browse/marketplace/structured-problem-solving-and-hypothesis-generation-95,Strategy & Transformation,PowerPoint,34,Process Consulting
Strategic Planning - Hoshin Policy Deployment,https://flevy.com/browse/marketplace/strategic-planning-hoshin-policy-deployment-597,Strategy & Transformation,PowerPoint,138,Operational Excellence Consulting LLC
Strategy Chessboard,https://flevy.com/browse/marketplace/strategy-chessboard-3125,Strategy & Transformation,PowerPoint,62,LearnPPT Consulting
Strategy Development Methodology,https://flevy.com/browse/marketplace/strategy-development-methodology-264,Strategy & Transformation,PowerPoint,35,LearnPPT Consulting
Smart Organizational Design,https://flevy.com/browse/flevypro/smart-organizational-design-4137,Strategy & Transformation,PowerPoint,27,LearnPPT Consulting
Value-based Pricing Strategy,https://flevy.com/browse/marketplace/value-based-pricing-strategy-1096,Strategy & Transformation,PowerPoint,47,PPT Lab
SMO Series: Strategic Management Office (SMO) Implementation,https://flevy.com/browse/flevypro/smo-series-strategic-management-office-smo-implementation-3395,Strategy & Transformation,PowerPoint,24,LearnPPT Consulting
Business Transformation Framework for New CEOs,https://flevy.com/browse/flevypro/business-transformation-framework-for-new-ceos-2754,Strategy & Transformation,PowerPoint,22,PPT Lab
Growth Opportunity Assessment,https://flevy.com/browse/marketplace/growth-opportunity-assessment-759,Strategy & Transformation,PowerPoint,76,Documents & Files
Objectives and Key Results (OKR),https://flevy.com/browse/flevypro/objectives-and-key-results-okr-4022,Strategy & Transformation,PowerPoint,23,LearnPPT Consulting
Guide to Acquisition Strategy and Valuation Methodologies,https://flevy.com/browse/marketplace/guide-to-acquisition-strategy-and-valuation-methodologies-387,Strategy & Transformation,PowerPoint,28,STRATICX
Insurance Value Chain,https://flevy.com/browse/marketplace/insurance-value-chain-9129,Strategy & Transformation,PowerPoint,31,LearnPPT Consulting
The Challenger Selling Model Primer,https://flevy.com/browse/marketplace/the-challenger-selling-model-primer-1504,Strategy & Transformation,PowerPoint,15,Visual Time Value
Commercial Due Diligence (CDD),https://flevy.com/browse/marketplace/commercial-due-diligence-cdd-2881,Strategy & Transformation,PowerPoint,63,LearnPPT Consulting
Strategic Plan Template,https://flevy.com/browse/flevypro/strategic-plan-template-8558,Strategy & Transformation,PowerPoint,40,LearnPPT Consulting
Complete Guide to Strategic Planning,https://flevy.com/browse/marketplace/complete-guide-to-strategic-planning-955,Strategy & Transformation,PowerPoint,77,Echelon Associates
Key Performance Indicators (KPIs): Best Practices,https://flevy.com/browse/flevypro/key-performance-indicators-kpis-best-practices-4010,Strategy & Transformation,PowerPoint,21,LearnPPT Consulting
Design Thinking,https://flevy.com/browse/marketplace/design-thinking-1980,Strategy & Transformation,PowerPoint,225,Operational Excellence Consulting
The Complete Business Transformation Toolkit,https://flevy.com/browse/marketplace/the-complete-business-transformation-toolkit-7762,Strategy & Transformation,PowerPoint,91,ChangingTheGame
KPI Compilation: 800+ Corporate Strategy KPIs,https://flevy.com/browse/marketplace/kpi-compilation-800-corporate-strategy-kpis-7847,Strategy & Transformation,PowerPoint,186,LearnPPT Consulting
Market Analysis and Competitive Positioning Assessment,https://flevy.com/browse/marketplace/market-analysis-and-competitive-positioning-assessment-8337,Strategy & Transformation,PowerPoint,45,LearnPPT Consulting
Common Strategy Consulting Frameworks,https://flevy.com/browse/marketplace/common-strategy-consulting-frameworks-84,Strategy & Transformation,PowerPoint,19,kgoldin
Healthcare Value Chain,https://flevy.com/browse/marketplace/healthcare-value-chain-8635,Strategy & Transformation,PowerPoint,30,LearnPPT Consulting
Fiaccabrino Selection Process,https://flevy.com/browse/marketplace/fiaccabrino-selection-process-566,Strategy & Transformation,PowerPoint,44,Charles Fiaccabrino
Strategic Analysis Framework,https://flevy.com/browse/marketplace/strategic-analysis-framework-146,Strategy & Transformation,PowerPoint,28,PPT Lab
Aerospace and Defense Value Chain,https://flevy.com/browse/marketplace/aerospace-and-defense-value-chain-8760,Strategy & Transformation,PowerPoint,36,LearnPPT Consulting
Digital Transformation: Value Creation & Analysis,https://flevy.com/browse/flevypro/digital-transformation-value-creation-and-analysis-2766,Strategy & Transformation,PowerPoint,21,PPT Lab
Due Diligence Kickoff Presentation,https://flevy.com/browse/marketplace/due-diligence-kickoff-presentation-701,Strategy & Transformation,PowerPoint,21,Documents & Files
Software-as-a-Service (SaaS) Value Chain,https://flevy.com/browse/marketplace/software-as-a-service-saas-value-chain-9104,Strategy & Transformation,PowerPoint,31,LearnPPT Consulting
Service 4.0 Transformation,https://flevy.com/browse/marketplace/service-4-0-transformation-2818,Strategy & Transformation,PowerPoint,52,LearnPPT Consulting
Core Competencies Analysis,https://flevy.com/browse/marketplace/core-competencies-analysis-75,Strategy & Transformation,PowerPoint,17,LearnPPT Consulting
KPI Compilation: 600+ Sales Management & Strategy KPIs,https://flevy.com/browse/marketplace/kpi-compilation-600-sales-management-and-strategy-kpis-7821,Strategy & Transformation,PowerPoint,141,LearnPPT Consulting
Account Management Templates,https://flevy.com/browse/marketplace/account-management-templates-38,Strategy & Transformation,PowerPoint,19,LearnPPT Consulting
Growth Opportunity Assessment Toolkit (+400 Templates),https://flevy.com/browse/marketplace/growth-opportunity-assessment-toolkit-400-templates-9297,Strategy & Transformation,PowerPoint,1691,SB Consulting 
Complete Guide to Value Creation,https://flevy.com/browse/marketplace/complete-guide-to-value-creation-3914,Strategy & Transformation,PowerPoint,101,LearnPPT Consulting
Consolidation-Endgame Curve Framework,https://flevy.com/browse/marketplace/consolidation-endgame-curve-framework-201,Strategy & Transformation,PowerPoint,29,LearnPPT Consulting
Business Model Innovation,https://flevy.com/browse/marketplace/business-model-innovation-136,Strategy & Transformation,PowerPoint,30,PPT Lab
Post-merger Integration Training,https://flevy.com/browse/marketplace/post-merger-integration-training-756,Strategy & Transformation,PowerPoint,131,Documents & Files
Leadership Competency Model,https://flevy.com/browse/flevypro/leadership-competency-model-3661,Strategy & Transformation,PowerPoint,25,LearnPPT Consulting
Strategic Pricing Framework and Tactics,https://flevy.com/browse/marketplace/strategic-pricing-framework-and-tactics-1211,Strategy & Transformation,PowerPoint,56,STRATICX
Initial Meeting Sales Presentation,https://flevy.com/browse/marketplace/initial-meeting-sales-presentation-81,Strategy & Transformation,PowerPoint,18,kgoldin
"OGSM (Objectives, Goals, Strategies, and Measures)",https://flevy.com/browse/flevypro/ogsm-objectives-goals-strategies-and-measures-8774,Strategy & Transformation,PowerPoint,33,LearnPPT Consulting
Business Model Canvas,https://flevy.com/browse/flevypro/business-model-canvas-2842,Strategy & Transformation,PowerPoint,22,PPT Lab
Breakout Sales Growth Methodology,https://flevy.com/browse/marketplace/breakout-sales-growth-methodology-1634,Strategy & Transformation,PowerPoint,104,"Howard Highsmith, CMC Emeritus"
Transformation Journey,https://flevy.com/browse/flevypro/transformation-journey-3186,Strategy & Transformation,PowerPoint,21,LearnPPT Consulting
Mergers and Acquisitions (M&A): Target Operating Model (TOM),https://flevy.com/browse/flevypro/mergers-and-acquisitions-manda-target-operating-model-tom-3630,Strategy & Transformation,PowerPoint,32,LearnPPT Consulting
Retail Banking Value Chain,https://flevy.com/browse/marketplace/retail-banking-value-chain-9097,Strategy & Transformation,PowerPoint,32,LearnPPT Consulting
Services Growth & Effectiveness Strategy,https://flevy.com/browse/marketplace/services-growth-and-effectiveness-strategy-735,Strategy & Transformation,PowerPoint,91,Documents & Files
Defining Issues and Generating Hypotheses,https://flevy.com/browse/flevypro/defining-issues-and-generating-hypotheses-1691,Strategy & Transformation,PowerPoint,22,LearnPPT Consulting
Business Model Innovation (BMI),https://flevy.com/browse/flevypro/business-model-innovation-bmi-2912,Strategy & Transformation,PowerPoint,27,LearnPPT Consulting
Porter's Five Forces,https://flevy.com/browse/marketplace/porters-five-forces-235,Strategy & Transformation,PowerPoint,26,LearnPPT Consulting
Strategic Marketing & Sales Plan Template,https://flevy.com/browse/marketplace/strategic-marketing-and-sales-plan-template-233,Strategy & Transformation,Word,71,Haines Centre
"Value-Driven Boards - Frameworks, Models and Tools",https://flevy.com/browse/marketplace/value-driven-boards-frameworks-models-and-tools-5250,Strategy & Transformation,PowerPoint,53,ILMAM - Strategy & Management Consulting
Change Management Strategy,https://flevy.com/browse/marketplace/change-management-strategy-5523,Strategy & Transformation,PowerPoint,24,Corporate Finance 101
Organic Growth Framework (OGF),https://flevy.com/browse/marketplace/organic-growth-framework-ogf-5652,Strategy & Transformation,PowerPoint,98,LearnPPT Consulting
Greiner Growth Model: Stages of Evolution and Revolution,https://flevy.com/browse/flevypro/greiner-growth-model-stages-of-evolution-and-revolution-2660,Strategy & Transformation,PowerPoint,28,PPT Lab
Supercharge Strategy Execution: Performance Scorecard,https://flevy.com/browse/marketplace/supercharge-strategy-execution-performance-scorecard-1870,Strategy & Transformation,PowerPoint,35,Trinity Consulting
Stage-Gate Process,https://flevy.com/browse/flevypro/stage-gate-process-8895,Strategy & Transformation,PowerPoint,32,LearnPPT Consulting
Breakthrough Strategy Stimulating Questions,https://flevy.com/browse/marketplace/breakthrough-strategy-stimulating-questions-611,Strategy & Transformation,PowerPoint,93,Dr. Stephen Sweid
Common Consulting Frameworks (How and When to Use),https://flevy.com/browse/marketplace/common-consulting-frameworks-how-and-when-to-use-1202,Strategy & Transformation,PowerPoint,43,STRATICX
SMO Series: Strategy Management Processes,https://flevy.com/browse/flevypro/smo-series-strategy-management-processes-3394,Strategy & Transformation,PowerPoint,24,LearnPPT Consulting
Complete Management Consulting Toolkit,https://flevy.com/browse/marketplace/complete-management-consulting-toolkit-6941,Strategy & Transformation,PowerPoint,120,SB Consulting 
Problem Solving and Decision Making,https://flevy.com/browse/marketplace/problem-solving-and-decision-making-4015,Strategy & Transformation,PowerPoint,32,Corporate Finance 101
Strategic Foresight and Uncertainty,https://flevy.com/browse/marketplace/strategic-foresight-and-uncertainty-5273,Strategy & Transformation,PowerPoint,51,ILMAM - Strategy & Management Consulting
KPI Compilation: 600+ Supply Chain Management KPIs,https://flevy.com/browse/marketplace/kpi-compilation-600-supply-chain-management-kpis-7858,Strategy & Transformation,PowerPoint,141,LearnPPT Consulting
4 Disciplines of Execution (4DX),https://flevy.com/browse/flevypro/4-disciplines-of-execution-4dx-8048,Strategy & Transformation,PowerPoint,31,LearnPPT Consulting
Retail Value Chain,https://flevy.com/browse/marketplace/retail-value-chain-8761,Strategy & Transformation,PowerPoint,36,LearnPPT Consulting
Key Performance Indicators (KPIs) | Supply Chain Functions,https://flevy.com/browse/marketplace/key-performance-indicators-kpis-supply-chain-functions-8065,Strategy & Transformation,PowerPoint,113,ILMAM - Strategy & Management Consulting
Predictable and Scalable Sales Process for B2B Business,https://flevy.com/browse/marketplace/predictable-and-scalable-sales-process-for-b2b-business-5449,Strategy & Transformation,PowerPoint,131,Shaleen Sinha
E-Commerce Value Chain,https://flevy.com/browse/marketplace/e-commerce-value-chain-8677,Strategy & Transformation,PowerPoint,33,LearnPPT Consulting
Value Chain Analysis,https://flevy.com/browse/marketplace/value-chain-analysis-262,Strategy & Transformation,PowerPoint,16,LearnPPT Consulting
Market Analysis,https://flevy.com/browse/marketplace/market-analysis-215,Strategy & Transformation,PowerPoint,17,LearnPPT Consulting
Performance Management Maturity Model,https://flevy.com/browse/flevypro/performance-management-maturity-model-5108,Strategy & Transformation,PowerPoint,25,LearnPPT Consulting
Psychology of Product Adoption,https://flevy.com/browse/marketplace/psychology-of-product-adoption-203,Strategy & Transformation,PowerPoint,46,PPT Lab
SMO Series: Strategic Management Office (SMO) Primer,https://flevy.com/browse/flevypro/smo-series-strategic-management-office-smo-primer-3393,Strategy & Transformation,PowerPoint,21,LearnPPT Consulting
Sales Force Effectiveness (SFE): 5 Components of Selling,https://flevy.com/browse/flevypro/sales-force-effectiveness-sfe-5-components-of-selling-2957,Strategy & Transformation,PowerPoint,24,LearnPPT Consulting
Pathways to Data Monetization,https://flevy.com/browse/flevypro/pathways-to-data-monetization-5245,Strategy & Transformation,PowerPoint,27,LearnPPT Consulting
Transformation Maps,https://flevy.com/browse/marketplace/transformation-maps-170,Strategy & Transformation,PowerPoint,18,PPT Lab
Performance Measurement,https://flevy.com/browse/flevypro/performance-measurement-1702,Strategy & Transformation,PowerPoint,23,LearnPPT Consulting
Strategy Framework Canvas,https://flevy.com/browse/marketplace/strategy-framework-canvas-3431,Strategy & Transformation,PowerPoint,44,LearnPPT Consulting
Employee Engagement Measurement & Improvement,https://flevy.com/browse/flevypro/employee-engagement-measurement-and-improvement-5321,Strategy & Transformation,PowerPoint,25,LearnPPT Consulting
Competitive Comparison Analysis,https://flevy.com/browse/marketplace/competitive-comparison-analysis-74,Strategy & Transformation,PowerPoint,26,LearnPPT Consulting
Industry & Competitive Analysis Handbook (600+ KPIs),https://flevy.com/browse/marketplace/industry-and-competitive-analysis-handbook-600-kpis-9194,Strategy & Transformation,PowerPoint,945,SB Consulting 
Financial Technology (Fintech) Value Chain,https://flevy.com/browse/marketplace/financial-technology-fintech-value-chain-8734,Strategy & Transformation,PowerPoint,35,LearnPPT Consulting
Strategy Classics: Value Disciplines Model,https://flevy.com/browse/flevypro/strategy-classics-value-disciplines-model-5138,Strategy & Transformation,PowerPoint,27,LearnPPT Consulting
Creative Thinking in Strategy Development,https://flevy.com/browse/marketplace/creative-thinking-in-strategy-development-205,Strategy & Transformation,PowerPoint,39,LearnPPT Consulting
Center of Excellence (CoE),https://flevy.com/browse/marketplace/center-of-excellence-coe-3764,Strategy & Transformation,PowerPoint,60,R Bradley Consulting
Business Transformation Playbook,https://flevy.com/browse/marketplace/business-transformation-playbook-7642,Strategy & Transformation,PowerPoint,49,WallStBizStrategist
Agriculture Value Chain,https://flevy.com/browse/marketplace/agriculture-value-chain-8712,Strategy & Transformation,PowerPoint,34,LearnPPT Consulting
Management Consulting Value Chain,https://flevy.com/browse/marketplace/management-consulting-value-chain-8658,Strategy & Transformation,PowerPoint,34,LearnPPT Consulting
Building a Market Model and Market Sizing,https://flevy.com/browse/marketplace/building-a-market-model-and-market-sizing-376,Strategy & Transformation,PowerPoint,22,STRATICX
Consulting Workshop Series: Scenario Planning,https://flevy.com/browse/flevypro/consulting-workshop-series-scenario-planning-3934,Strategy & Transformation,PowerPoint,34,LearnPPT Consulting
Breakthrough Strategy Development: Competing for the Future,https://flevy.com/browse/marketplace/breakthrough-strategy-development-competing-for-the-future-1874,Strategy & Transformation,PowerPoint,54,LearnPPT Consulting
Strategic Planning Checklist,https://flevy.com/browse/marketplace/strategic-planning-checklist-8211,Strategy & Transformation,PowerPoint,44,LearnPPT Consulting
Strategy Consulting Compendium,https://flevy.com/browse/marketplace/strategy-consulting-compendium-8584,Strategy & Transformation,PowerPoint,93,SB Consulting 
Consumer Packaged Goods (CPG) Value Chain,https://flevy.com/browse/marketplace/consumer-packaged-goods-cpg-value-chain-8586,Strategy & Transformation,PowerPoint,22,LearnPPT Consulting
Financial Ratios (Comparables) Analysis,https://flevy.com/browse/marketplace/financial-ratios-comparables-analysis-239,Strategy & Transformation,PowerPoint,22,LearnPPT Consulting
Valuation Model (DCF),https://flevy.com/browse/marketplace/valuation-model-dcf-173,Strategy & Transformation,Excel,,CorporateFinanceDude
MoSCoW  Method,https://flevy.com/browse/flevypro/moscow-method-8923,Strategy & Transformation,PowerPoint,28,LearnPPT Consulting
"Mergers, Acquisitions & Alliances Approach",https://flevy.com/browse/marketplace/mergers-acquisitions-and-alliances-approach-728,Strategy & Transformation,PowerPoint,79,Documents & Files
Market Entry Strategy,https://flevy.com/browse/marketplace/market-entry-strategy-776,Strategy & Transformation,PowerPoint,86,Documents & Files
Go-to-Market Model Design,https://flevy.com/browse/flevypro/go-to-market-model-design-3752,Strategy & Transformation,PowerPoint,19,LearnPPT Consulting
Sales Force Effectiveness - Diagnosis & Correction Framework,https://flevy.com/browse/marketplace/sales-force-effectiveness-diagnosis-and-correction-framework-1078,Strategy & Transformation,PowerPoint,14,ksd123
M&A Buy-Side Non Binding Offer Letter,https://flevy.com/browse/marketplace/manda-buy-side-non-binding-offer-letter-3750,Strategy & Transformation,Word,4,Corporate Finance 101
Mergers & Acquisitions Best Practices (+1000 Best Practices),https://flevy.com/browse/marketplace/mergers-and-acquisitions-best-practices-1000-best-practices-9457,Strategy & Transformation,PowerPoint,1724,SB Consulting 
Logistics and Transportation Value Chain,https://flevy.com/browse/marketplace/logistics-and-transportation-value-chain-8733,Strategy & Transformation,PowerPoint,31,LearnPPT Consulting
Sales Compensation Plan Design,https://flevy.com/browse/flevypro/sales-compensation-plan-design-5290,Strategy & Transformation,PowerPoint,24,LearnPPT Consulting
Analyzing the Competitive Landscape,https://flevy.com/browse/flevypro/analyzing-the-competitive-landscape-1698,Strategy & Transformation,PowerPoint,33,LearnPPT Consulting
Preparing Powerful Board Papers,https://flevy.com/browse/marketplace/preparing-powerful-board-papers-393,Strategy & Transformation,PowerPoint,56,Clarity First 
Building an Enduring Corporate Vision,https://flevy.com/browse/marketplace/building-an-enduring-corporate-vision-236,Strategy & Transformation,PowerPoint,45,PPT Lab
Rogers' Five Factors,https://flevy.com/browse/marketplace/rogers-five-factors-169,Strategy & Transformation,PowerPoint,29,PPT Lab
Customer Segmentation,https://flevy.com/browse/marketplace/customer-segmentation-700,Strategy & Transformation,PowerPoint,47,Documents & Files
BCG Growth-Share Matrix,https://flevy.com/browse/marketplace/bcg-growth-share-matrix-200,Strategy & Transformation,PowerPoint,9,LearnPPT Consulting
Strategic Analysis Model,https://flevy.com/browse/marketplace/strategic-analysis-model-775,Strategy & Transformation,Excel,,Documents & Files
Theory of Constraints,https://flevy.com/browse/flevypro/theory-of-constraints-1883,Strategy & Transformation,PowerPoint,19,PPT Lab
"Mergers, Acquisitions Best Practices",https://flevy.com/browse/marketplace/mergers-acquisitions-best-practices-738,Strategy & Transformation,PowerPoint,56,Documents & Files
Market and Customer Segmentation,https://flevy.com/browse/flevypro/market-and-customer-segmentation-2359,Strategy & Transformation,PowerPoint,18,PPT Lab
5 Leadership Practices of Capabilities-Driven Strategy (CDR),https://flevy.com/browse/flevypro/5-leadership-practices-of-capabilities-driven-strategy-cdr-3702,Strategy & Transformation,PowerPoint,25,LearnPPT Consulting
Market Segmentation and Analysis Tool,https://flevy.com/browse/marketplace/market-segmentation-and-analysis-tool-315,Strategy & Transformation,Excel,,Demand Metric
Objectives and Key Results (OKRs),https://flevy.com/browse/marketplace/objectives-and-key-results-okrs-9182,Strategy & Transformation,PowerPoint,94,Operational Excellence Consulting
Business Model Canvas (BMC),https://flevy.com/browse/marketplace/business-model-canvas-bmc-3364,Strategy & Transformation,PowerPoint,152,Operational Excellence Consulting
Fit for Growth,https://flevy.com/browse/flevypro/fit-for-growth-6058,Strategy & Transformation,PowerPoint,30,LearnPPT Consulting
Best Practices in Price Increase Execution,https://flevy.com/browse/marketplace/best-practices-in-price-increase-execution-681,Strategy & Transformation,PowerPoint,23,Documents & Files
Digital Strategic Business Planning Methodology,https://flevy.com/browse/marketplace/digital-strategic-business-planning-methodology-244,Strategy & Transformation,PowerPoint,64,Operational Excellence Consulting
"Design Thinking - Poster (printable in A0, A1, A2)",https://flevy.com/browse/marketplace/design-thinking-poster-printable-in-a0-a1-a2-5644,Strategy & Transformation,PDF,1,Ivana Nissen
Innovation Toolkit - A Playbook for Innovation Blueprint,https://flevy.com/browse/marketplace/innovation-toolkit-a-playbook-for-innovation-blueprint-766,Strategy & Transformation,PowerPoint,20,STRATICX
Issue-Based Work Planning and Hypothesis Problem Solving,https://flevy.com/browse/marketplace/issue-based-work-planning-and-hypothesis-problem-solving-377,Strategy & Transformation,PowerPoint,25,STRATICX
Business Agility Toolkit (450+ KPIs and OKRs),https://flevy.com/browse/marketplace/business-agility-toolkit-450-kpis-and-okrs-9241,Strategy & Transformation,PowerPoint,1034,SB Consulting 
Creating Shareholder Value Toolkit (+200 Templates),https://flevy.com/browse/marketplace/creating-shareholder-value-toolkit-200-templates-9486,Strategy & Transformation,PowerPoint,1742,SB Consulting 
Corporate Strategy Self Assessment Toolkit (500+ KPIs),https://flevy.com/browse/marketplace/corporate-strategy-self-assessment-toolkit-500-kpis-9138,Strategy & Transformation,PowerPoint,774,SB Consulting 
M&A Information Memorandum Template,https://flevy.com/browse/marketplace/manda-information-memorandum-template-4009,Strategy & Transformation,Word,15,Corporate Finance 101
McKinsey 3 Horizons of Growth,https://flevy.com/browse/flevypro/mckinsey-3-horizons-of-growth-7528,Strategy & Transformation,PowerPoint,31,LearnPPT Consulting
"Lean Startup Canvas: Guide, Process and Tools",https://flevy.com/browse/marketplace/lean-startup-canvas-guide-process-and-tools-5227,Strategy & Transformation,PowerPoint,56,ILMAM - Strategy & Management Consulting
Strategic Restructuring: Critical Success Factors,https://flevy.com/browse/flevypro/strategic-restructuring-critical-success-factors-5389,Strategy & Transformation,PowerPoint,24,LearnPPT Consulting
SWOT Analysis,https://flevy.com/browse/marketplace/swot-analysis-266,Strategy & Transformation,PowerPoint,10,LearnPPT Consulting
Quantifying the Size and Growth of a Market,https://flevy.com/browse/flevypro/quantifying-the-size-and-growth-of-a-market-1697,Strategy & Transformation,PowerPoint,16,LearnPPT Consulting
Marketing and Sales SOPs,https://flevy.com/browse/marketplace/marketing-and-sales-sops-8956,Strategy & Transformation,PowerPoint,722,SB Consulting 
Product Management KPIs,https://flevy.com/browse/flevypro/product-management-kpis-5526,Strategy & Transformation,PowerPoint,32,LearnPPT Consulting
Pricing Strategy Workshop,https://flevy.com/browse/marketplace/pricing-strategy-workshop-764,Strategy & Transformation,PowerPoint,133,Documents & Files
Key Account Management (KAM): Large Global Accounts,https://flevy.com/browse/flevypro/key-account-management-kam-large-global-accounts-3765,Strategy & Transformation,PowerPoint,24,LearnPPT Consulting
Chief Strategy Officer (CSO) Toolkit,https://flevy.com/browse/marketplace/chief-strategy-officer-cso-toolkit-7490,Strategy & Transformation,PowerPoint,324,SB Consulting 
Mergers & Acquisitions Strategic Analysis Toolkit,https://flevy.com/browse/marketplace/mergers-and-acquisitions-strategic-analysis-toolkit-666,Strategy & Transformation,Excel,,Documents & Files
Strategy Articulation Workbook,https://flevy.com/browse/marketplace/strategy-articulation-workbook-774,Strategy & Transformation,PowerPoint,67,Documents & Files
Mergers & Acquisitions Training,https://flevy.com/browse/marketplace/mergers-and-acquisitions-training-727,Strategy & Transformation,PowerPoint,118,Documents & Files
Semiconductor Value Chain,https://flevy.com/browse/marketplace/semiconductor-value-chain-8676,Strategy & Transformation,PowerPoint,37,LearnPPT Consulting
M&A Growth Strategy: First 100 Days,https://flevy.com/browse/flevypro/manda-growth-strategy-first-100-days-5681,Strategy & Transformation,PowerPoint,23,LearnPPT Consulting
Business Model Innovation (BMI):  Scalable Business Models,https://flevy.com/browse/flevypro/business-model-innovation-bmi-scalable-business-models-5182,Strategy & Transformation,PowerPoint,29,LearnPPT Consulting
Closing the Strategy-to-Performance Gap,https://flevy.com/browse/flevypro/closing-the-strategy-to-performance-gap-2760,Strategy & Transformation,PowerPoint,20,PPT Lab
Strategy Analytics Templates,https://flevy.com/browse/marketplace/strategy-analytics-templates-763,Strategy & Transformation,PowerPoint,97,Documents & Files
Pricing Strategy Implementation Toolkit,https://flevy.com/browse/marketplace/pricing-strategy-implementation-toolkit-726,Strategy & Transformation,PowerPoint,63,Documents & Files
Finance and Valuation Basics,https://flevy.com/browse/marketplace/finance-and-valuation-basics-90,Strategy & Transformation,PowerPoint,42,alex
Digital Transformation Self-Assessment Toolkit (450+ KPIs),https://flevy.com/browse/marketplace/digital-transformation-self-assessment-toolkit-450-kpis-9179,Strategy & Transformation,PowerPoint,1112,SB Consulting 
McKinsey Pricing Strategy Framework,https://flevy.com/browse/marketplace/mckinsey-pricing-strategy-framework-7691,Strategy & Transformation,PowerPoint,142,SB Consulting 
KPI Compilation: 800+ Human Resource & Talent Management KPIs,https://flevy.com/browse/marketplace/kpi-compilation-800-human-resource-and-talent-management-kpis-7879,Strategy & Transformation,PowerPoint,168,LearnPPT Consulting
Renewable Energy Value Chain,https://flevy.com/browse/marketplace/renewable-energy-value-chain-8679,Strategy & Transformation,PowerPoint,33,LearnPPT Consulting
Innovation Management Frameworks,https://flevy.com/browse/marketplace/innovation-management-frameworks-5143,Strategy & Transformation,PowerPoint,127,Operational Excellence Consulting
Chief Strategy Officer (CSO) Defined,https://flevy.com/browse/flevypro/chief-strategy-officer-cso-defined-3168,Strategy & Transformation,PowerPoint,23,LearnPPT Consulting
Centre of Excellence (CoE) Proposal Example,https://flevy.com/browse/marketplace/centre-of-excellence-coe-proposal-example-3809,Strategy & Transformation,PDF,1,R Bradley Consulting
Navigating the VUCA World - A CEOs Guide (+200 Templates),https://flevy.com/browse/marketplace/navigating-the-vuca-world-a-ceos-guide-200-templates-9489,Strategy & Transformation,PowerPoint,926,SB Consulting 
"DACI (Driver, Approver, Contributor, Informed) Framework",https://flevy.com/browse/marketplace/daci-driver-approver-contributor-informed-framework-9391,Strategy & Transformation,PowerPoint,49,Operational Excellence Consulting
Proposal for Organizational Restructuring (Big 4),https://flevy.com/browse/marketplace/proposal-for-organizational-restructuring-big-4-7025,Strategy & Transformation,PowerPoint,68,Shaleen Sinha
Rumelt's Strategy Evaluation Framework,https://flevy.com/browse/flevypro/rumelts-strategy-evaluation-framework-9159,Strategy & Transformation,PowerPoint,32,LearnPPT Consulting
Innovation-Ambition Matrix,https://flevy.com/browse/flevypro/innovation-ambition-matrix-9434,Strategy & Transformation,PowerPoint,35,LearnPPT Consulting
Stacey Matrix,https://flevy.com/browse/flevypro/stacey-matrix-8417,Strategy & Transformation,PowerPoint,30,LearnPPT Consulting
Strategic Principle Framework,https://flevy.com/browse/marketplace/strategic-principle-framework-166,Strategy & Transformation,PowerPoint,22,PPT Lab
Analyzing the Competitive Position of a Company,https://flevy.com/browse/flevypro/analyzing-the-competitive-position-of-a-company-1699,Strategy & Transformation,PowerPoint,18,LearnPPT Consulting
Strategic Partnerships with Universities,https://flevy.com/browse/flevypro/strategic-partnerships-with-universities-6304,Strategy & Transformation,PowerPoint,33,LearnPPT Consulting
Board Governance Models,https://flevy.com/browse/flevypro/board-governance-models-3386,Strategy & Transformation,PowerPoint,25,LearnPPT Consulting
Strategic Marketing and Sales Planning,https://flevy.com/browse/marketplace/strategic-marketing-and-sales-planning-612,Strategy & Transformation,PowerPoint,160,Haines Centre
Introduction to Market Analysis,https://flevy.com/browse/marketplace/introduction-to-market-analysis-1590,Strategy & Transformation,PowerPoint,36,LearnPPT Consulting
Market Research Method,https://flevy.com/browse/marketplace/market-research-method-739,Strategy & Transformation,PowerPoint,109,Documents & Files
Market Entry Strategy Toolkit,https://flevy.com/browse/marketplace/market-entry-strategy-toolkit-7724,Strategy & Transformation,PowerPoint,109,SB Consulting 
Sales Battlecard Template,https://flevy.com/browse/marketplace/sales-battlecard-template-78,Strategy & Transformation,PowerPoint,10,bpanda
Business Model Innovation (BMI): Business Model Journey,https://flevy.com/browse/flevypro/business-model-innovation-bmi-business-model-journey-6129,Strategy & Transformation,PowerPoint,29,LearnPPT Consulting
Continuous Process Improvement and Innovation (CPI2),https://flevy.com/browse/flevypro/continuous-process-improvement-and-innovation-cpi2-3937,Strategy & Transformation,PowerPoint,22,LearnPPT Consulting
4 Areas of Strategic Governance for New Board Members,https://flevy.com/browse/flevypro/4-areas-of-strategic-governance-for-new-board-members-3783,Strategy & Transformation,PowerPoint,24,LearnPPT Consulting
Value Mapping,https://flevy.com/browse/flevypro/value-mapping-2659,Strategy & Transformation,PowerPoint,19,PPT Lab
10 Principles of Managing Strategy through Execution,https://flevy.com/browse/flevypro/10-principles-of-managing-strategy-through-execution-2975,Strategy & Transformation,PowerPoint,21,LearnPPT Consulting
Creating Value Propositions,https://flevy.com/browse/flevypro/creating-value-propositions-1709,Strategy & Transformation,PowerPoint,14,LearnPPT Consulting
"Vision, Mission & Values",https://flevy.com/browse/marketplace/vision-mission-and-values-5926,Strategy & Transformation,PowerPoint,75,Operational Excellence Consulting
Design Thinking - Introduction,https://flevy.com/browse/marketplace/design-thinking-introduction-5126,Strategy & Transformation,PowerPoint,80,Ivana Nissen
Spare Parts Pricing Strategy,https://flevy.com/browse/marketplace/spare-parts-pricing-strategy-731,Strategy & Transformation,PowerPoint,67,Documents & Files
Financial Due Diligence Scope of Work,https://flevy.com/browse/marketplace/financial-due-diligence-scope-of-work-4008,Strategy & Transformation,Word,7,Corporate Finance 101
Brand Asset Valuator (BAV),https://flevy.com/browse/flevypro/brand-asset-valuator-bav-2109,Strategy & Transformation,PowerPoint,31,PPT Lab
Strategy Classics: GE-McKinsey Matrix,https://flevy.com/browse/flevypro/strategy-classics-ge-mckinsey-matrix-5161,Strategy & Transformation,PowerPoint,28,LearnPPT Consulting
Strategic Planning: Eight Steps to Implementation,https://flevy.com/browse/marketplace/strategic-planning-eight-steps-to-implementation-6471,Strategy & Transformation,PowerPoint,192,Operational Excellence Consulting
Core Competencies Assessment,https://flevy.com/browse/marketplace/core-competencies-assessment-322,Strategy & Transformation,Excel,,Demand Metric
Corporate Strategy Primer,https://flevy.com/browse/marketplace/corporate-strategy-primer-697,Strategy & Transformation,PowerPoint,69,Documents & Files
The Innovation Process,https://flevy.com/browse/flevypro/the-innovation-process-3625,Strategy & Transformation,PowerPoint,24,LearnPPT Consulting
Scenario Planning for Consultants,https://flevy.com/browse/flevypro/scenario-planning-for-consultants-3498,Strategy & Transformation,PowerPoint,22,LearnPPT Consulting
Knowledge Management (KM) Strategy,https://flevy.com/browse/flevypro/knowledge-management-km-strategy-3801,Strategy & Transformation,PowerPoint,22,LearnPPT Consulting
Employee Value Proposition (EVP),https://flevy.com/browse/flevypro/employee-value-proposition-evp-2688,Strategy & Transformation,PowerPoint,20,PPT Lab
Carve-Out Management,https://flevy.com/browse/marketplace/carve-out-management-7923,Strategy & Transformation,PowerPoint,123,SB Consulting 
Strong-form Product Management Model,https://flevy.com/browse/flevypro/strong-form-product-management-model-3776,Strategy & Transformation,PowerPoint,24,LearnPPT Consulting
Industry Analysis for Consultants,https://flevy.com/browse/flevypro/industry-analysis-for-consultants-3547,Strategy & Transformation,PowerPoint,19,LearnPPT Consulting
Distinctive Capabilities Framework,https://flevy.com/browse/flevypro/distinctive-capabilities-framework-2657,Strategy & Transformation,PowerPoint,17,PPT Lab
"Business Model Canvas: Guide, Process and Tools",https://flevy.com/browse/marketplace/business-model-canvas-guide-process-and-tools-5215,Strategy & Transformation,PowerPoint,43,ILMAM - Strategy & Management Consulting
5 Ps of Purpose,https://flevy.com/browse/flevypro/5-ps-of-purpose-5454,Strategy & Transformation,PowerPoint,30,LearnPPT Consulting
Key Success Factors,https://flevy.com/browse/marketplace/key-success-factors-210,Strategy & Transformation,PowerPoint,8,LearnPPT Consulting
PEST Analysis,https://flevy.com/browse/marketplace/pest-analysis-234,Strategy & Transformation,PowerPoint,11,LearnPPT Consulting
SWOT Analysis,https://flevy.com/browse/marketplace/swot-analysis-124,Strategy & Transformation,PowerPoint,18,marcus
Operational Due Diligence,https://flevy.com/browse/marketplace/operational-due-diligence-8280,Strategy & Transformation,PowerPoint,101,SB Consulting 
Thinking Fast & Slow System,https://flevy.com/browse/marketplace/thinking-fast-and-slow-system-7120,Strategy & Transformation,PowerPoint,41,UJ Consulting
Value Proposition Canvas,https://flevy.com/browse/marketplace/value-proposition-canvas-3231,Strategy & Transformation,PowerPoint,144,Operational Excellence Consulting
How to Create a Culture that Supports Innovation,https://flevy.com/browse/marketplace/how-to-create-a-culture-that-supports-innovation-1126,Strategy & Transformation,PDF,13,Innovation Management
Chief Transformation Officer (CTO) Toolkit,https://flevy.com/browse/marketplace/chief-transformation-officer-cto-toolkit-7613,Strategy & Transformation,PowerPoint,280,SB Consulting 
CEO KPI Excel Dashboard,https://flevy.com/browse/marketplace/ceo-kpi-excel-dashboard-8573,Strategy & Transformation,Excel,,SB Consulting 
Competitive Analysis,https://flevy.com/browse/marketplace/competitive-analysis-689,Strategy & Transformation,PowerPoint,40,Documents & Files
Profit Pools Concept,https://flevy.com/browse/marketplace/profit-pools-concept-744,Strategy & Transformation,PowerPoint,31,Documents & Files
Key Performance Indicators (KPIs) | IT Functions,https://flevy.com/browse/marketplace/key-performance-indicators-kpis-it-functions-8024,Strategy & Transformation,PowerPoint,116,ILMAM - Strategy & Management Consulting
4 Stages of Disruption,https://flevy.com/browse/flevypro/4-stages-of-disruption-5265,Strategy & Transformation,PowerPoint,27,LearnPPT Consulting
Sales Excellence - Diagnostic Tool,https://flevy.com/browse/marketplace/sales-excellence-diagnostic-tool-2877,Strategy & Transformation,PowerPoint,15,P-Square Partners
World Class Planning & Performance Management,https://flevy.com/browse/marketplace/world-class-planning-and-performance-management-742,Strategy & Transformation,PowerPoint,43,Documents & Files
Sales Process Design Template,https://flevy.com/browse/marketplace/sales-process-design-template-1469,Strategy & Transformation,Excel,,membrain
Restructuring: Redeployment Assessment Process & Methods,https://flevy.com/browse/flevypro/restructuring-redeployment-assessment-process-and-methods-5422,Strategy & Transformation,PowerPoint,29,LearnPPT Consulting
Pricing Strategy: B2B Markets,https://flevy.com/browse/flevypro/pricing-strategy-b2b-markets-3166,Strategy & Transformation,PowerPoint,24,LearnPPT Consulting
PRICE Hypothesis Generation Framework,https://flevy.com/browse/marketplace/price-hypothesis-generation-framework-323,Strategy & Transformation,PowerPoint,15,PPT Lab
The CEO's Guide to Sustainable Business Growth,https://flevy.com/browse/marketplace/the-ceoand039s-guide-to-sustainable-business-growth-9504,Strategy & Transformation,PowerPoint,823,SB Consulting 
Go-To-Market Maturity Assessment Toolkit (600 KPIs & OKRs),https://flevy.com/browse/marketplace/go-to-market-maturity-assessment-toolkit-600-kpis-and-okrs-9262,Strategy & Transformation,PowerPoint,1097,SB Consulting 
M&A Due Diligence Checklist,https://flevy.com/browse/marketplace/manda-due-diligence-checklist-7563,Strategy & Transformation,PowerPoint,163,SB Consulting 
Strategic Planning Process: Stop Planning; Start Acting,https://flevy.com/browse/marketplace/strategic-planning-process-stop-planning-start-acting-9450,Strategy & Transformation,PowerPoint,230,Dwarka Consulting
SWOT Diagrams & Slides 6,https://flevy.com/browse/marketplace/swot-diagrams-and-slides-6-1409,Strategy & Transformation,PowerPoint,89,Marketingdocs
Formulating a Breakthrough Strategy,https://flevy.com/browse/marketplace/formulating-a-breakthrough-strategy-598,Strategy & Transformation,PDF,114,Dr. Stephen Sweid
Comprehensive Due Diligence Checklist,https://flevy.com/browse/marketplace/comprehensive-due-diligence-checklist-647,Strategy & Transformation,PDF,33,Documents & Files
Executive Team Building,https://flevy.com/browse/marketplace/executive-team-building-1408,Strategy & Transformation,PowerPoint,38,McCarthy & Affiliates
Mergers & Acquisitions (M&A) Strategy,https://flevy.com/browse/marketplace/mergers-and-acquisitions-manda-strategy-7761,Strategy & Transformation,PowerPoint,103,SB Consulting 
Agile Product Development Playbook for Executive Leadership,https://flevy.com/browse/marketplace/agile-product-development-playbook-for-executive-leadership-7848,Strategy & Transformation,PowerPoint,53,WallStBizStrategist
Customer Development Model (CDM),https://flevy.com/browse/flevypro/customer-development-model-cdm-7351,Strategy & Transformation,PowerPoint,28,LearnPPT Consulting
Strategic Priorities Identification & Analysis,https://flevy.com/browse/flevypro/strategic-priorities-identification-and-analysis-6308,Strategy & Transformation,PowerPoint,32,LearnPPT Consulting
Key Considerations in Deal Structure,https://flevy.com/browse/marketplace/key-considerations-in-deal-structure-720,Strategy & Transformation,PDF,11,Documents & Files
Benchmarking Primer,https://flevy.com/browse/marketplace/benchmarking-primer-219,Strategy & Transformation,PowerPoint,21,PPT Lab
Corporate Performance Measurement,https://flevy.com/browse/marketplace/corporate-performance-measurement-696,Strategy & Transformation,PowerPoint,106,Documents & Files
Benchmarking for Superior Performance,https://flevy.com/browse/marketplace/benchmarking-for-superior-performance-156,Strategy & Transformation,PowerPoint,241,Operational Excellence Consulting
Complete Strategic Management Consulting Guide and Toolkit,https://flevy.com/browse/marketplace/complete-strategic-management-consulting-guide-and-toolkit-6878,Strategy & Transformation,PowerPoint,165,SB Consulting 
Value Chain Analysis,https://flevy.com/browse/marketplace/value-chain-analysis-749,Strategy & Transformation,PowerPoint,25,Documents & Files
Ideation - How to Generate Innovative Ideas,https://flevy.com/browse/marketplace/ideation-how-to-generate-innovative-ideas-1564,Strategy & Transformation,PowerPoint,13,STRATICX
Strategy Development Fundamentals,https://flevy.com/browse/marketplace/strategy-development-fundamentals-1654,Strategy & Transformation,PowerPoint,26,LearnPPT Consulting
Performance Management Primer,https://flevy.com/browse/flevypro/performance-management-primer-2484,Strategy & Transformation,PowerPoint,15,PPT Lab
Capability Development,https://flevy.com/browse/flevypro/capability-development-3351,Strategy & Transformation,PowerPoint,21,LearnPPT Consulting
"Objective, Goals, Strategies And Measures (OGSM)",https://flevy.com/browse/marketplace/objective-goals-strategies-and-measures-ogsm-8069,Strategy & Transformation,PowerPoint,115,SB Consulting 
Marketing Campaign Budget ROI Worksheet,https://flevy.com/browse/marketplace/marketing-campaign-budget-roi-worksheet-1528,Strategy & Transformation,Excel,,Safwan Khan
Strategy Frameworks & Tools Reference Guide,https://flevy.com/browse/marketplace/strategy-frameworks-and-tools-reference-guide-6595,Strategy & Transformation,PowerPoint,353,Operational Excellence Consulting
Product Portfolio Strategy & Marketing Mix Tool,https://flevy.com/browse/marketplace/product-portfolio-strategy-and-marketing-mix-tool-886,Strategy & Transformation,Excel,,investmentbanker
Partnerships with Emerging Market Startups,https://flevy.com/browse/flevypro/partnerships-with-emerging-market-startups-6177,Strategy & Transformation,PowerPoint,24,LearnPPT Consulting
Innovation Sandbox,https://flevy.com/browse/flevypro/innovation-sandbox-6021,Strategy & Transformation,PowerPoint,27,LearnPPT Consulting
Selling Consulting Services Effectively,https://flevy.com/browse/marketplace/selling-consulting-services-effectively-724,Strategy & Transformation,PowerPoint,53,Documents & Files
7 Fundamentals of Innovation,https://flevy.com/browse/flevypro/7-fundamentals-of-innovation-3605,Strategy & Transformation,PowerPoint,22,LearnPPT Consulting
Product Innovation Management,https://flevy.com/browse/flevypro/product-innovation-management-3263,Strategy & Transformation,PowerPoint,23,LearnPPT Consulting
Digital Platform Strategy,https://flevy.com/browse/flevypro/digital-platform-strategy-5144,Strategy & Transformation,PowerPoint,33,LearnPPT Consulting
5 Principles of Innovation Strategy,https://flevy.com/browse/flevypro/5-principles-of-innovation-strategy-3727,Strategy & Transformation,PowerPoint,27,LearnPPT Consulting
Innovation Culture,https://flevy.com/browse/flevypro/innovation-culture-3674,Strategy & Transformation,PowerPoint,22,LearnPPT Consulting
"Fit Transformation: Strong, Agile, Lean",https://flevy.com/browse/flevypro/fit-transformation-strong-agile-lean-3015,Strategy & Transformation,PowerPoint,24,LearnPPT Consulting
BCG Transformation for New CEOs Framework,https://flevy.com/browse/marketplace/bcg-transformation-for-new-ceos-framework-7682,Strategy & Transformation,PowerPoint,194,SB Consulting 
HR KPI Dashboard Excel Template,https://flevy.com/browse/marketplace/hr-kpi-dashboard-excel-template-8136,Strategy & Transformation,Excel,,Improve Your Excel
HR Performance Management System (PMS),https://flevy.com/browse/marketplace/hr-performance-management-system-pms-6137,Strategy & Transformation,PowerPoint,28,UJ Consulting
Strategy Planning Frameworks,https://flevy.com/browse/marketplace/strategy-planning-frameworks-7085,Strategy & Transformation,PowerPoint,186,SB Consulting 
Due Diligence Business Toolkit,https://flevy.com/browse/marketplace/due-diligence-business-toolkit-7171,Strategy & Transformation,PowerPoint,184,SB Consulting 
Commercial Due Diligence (CDD) Toolkit,https://flevy.com/browse/marketplace/commercial-due-diligence-cdd-toolkit-7949,Strategy & Transformation,PowerPoint,91,SB Consulting 
Executing Explosive Revenue Growth (EERG),https://flevy.com/browse/marketplace/executing-explosive-revenue-growth-eerg-3400,Strategy & Transformation,PowerPoint,35,"Howard Highsmith, CMC Emeritus"
Business Model Canvas (BMC) Poster,https://flevy.com/browse/marketplace/business-model-canvas-bmc-poster-5413,Strategy & Transformation,PDF,3,Operational Excellence Consulting
Chemicals Value Chain,https://flevy.com/browse/marketplace/chemicals-value-chain-8648,Strategy & Transformation,PowerPoint,34,LearnPPT Consulting
Restructuring: Redeployment Assessment Management,https://flevy.com/browse/flevypro/restructuring-redeployment-assessment-management-5439,Strategy & Transformation,PowerPoint,27,LearnPPT Consulting
Overview of Baldrige Excellence Framework,https://flevy.com/browse/marketplace/overview-of-baldrige-excellence-framework-172,Strategy & Transformation,PowerPoint,85,Operational Excellence Consulting
"Firm Value Chain, Industry Value Chain, and Business Intelligence",https://flevy.com/browse/marketplace/firm-value-chain-industry-value-chain-and-business-intelligence-1615,Strategy & Transformation,PowerPoint,79,Ganesh Rajagopalan
Strategic Planning Poster,https://flevy.com/browse/marketplace/strategic-planning-poster-6891,Strategy & Transformation,PDF,3,Operational Excellence Consulting
Key Performance Indicators (KPIs): 5 Areas of Focus,https://flevy.com/browse/flevypro/key-performance-indicators-kpis-5-areas-of-focus-4033,Strategy & Transformation,PowerPoint,22,LearnPPT Consulting
Value Creation: Impact of Customer Experience (CX),https://flevy.com/browse/flevypro/value-creation-impact-of-customer-experience-cx-3966,Strategy & Transformation,PowerPoint,22,LearnPPT Consulting
Lean-led Business Transformation,https://flevy.com/browse/flevypro/lean-led-business-transformation-3788,Strategy & Transformation,PowerPoint,31,LearnPPT Consulting
Strategic Branding,https://flevy.com/browse/flevypro/strategic-branding-1708,Strategy & Transformation,PowerPoint,25,LearnPPT Consulting
The M&A Playbook,https://flevy.com/browse/marketplace/the-manda-playbook-7989,Strategy & Transformation,PowerPoint,109,SB Consulting 
Chief Executive Officer (CEO) Self-Assessment Toolkit,https://flevy.com/browse/marketplace/chief-executive-officer-ceo-self-assessment-toolkit-9189,Strategy & Transformation,PowerPoint,1336,SB Consulting 
Cybersecurity Value Chain,https://flevy.com/browse/marketplace/cybersecurity-value-chain-9130,Strategy & Transformation,PowerPoint,30,LearnPPT Consulting
Key Performance Indicators (KPIs) | HR Functions,https://flevy.com/browse/marketplace/key-performance-indicators-kpis-hr-functions-8005,Strategy & Transformation,PowerPoint,118,ILMAM - Strategy & Management Consulting
Business Motivation Model (BMM),https://flevy.com/browse/flevypro/business-motivation-model-bmm-9056,Strategy & Transformation,PowerPoint,38,LearnPPT Consulting
TRIZ Methodology Primer,https://flevy.com/browse/flevypro/triz-methodology-primer-8912,Strategy & Transformation,PowerPoint,32,LearnPPT Consulting
Key Business Processes | Strategy Development,https://flevy.com/browse/marketplace/key-business-processes-strategy-development-8150,Strategy & Transformation,PowerPoint,13,ILMAM - Strategy & Management Consulting
Business Model Design: Emerging Markets,https://flevy.com/browse/flevypro/business-model-design-emerging-markets-3262,Strategy & Transformation,PowerPoint,23,LearnPPT Consulting
33 High Performance Materials & Procurement KPIs,https://flevy.com/browse/marketplace/33-high-performance-materials-and-procurement-kpis-1586,Strategy & Transformation,PowerPoint,34,SlideKraft
Key Business Processes | Product and Service Development,https://flevy.com/browse/marketplace/key-business-processes-product-and-service-development-8175,Strategy & Transformation,PowerPoint,12,ILMAM - Strategy & Management Consulting
Key Business Processes | Service Delivery,https://flevy.com/browse/marketplace/key-business-processes-service-delivery-8178,Strategy & Transformation,PowerPoint,12,ILMAM - Strategy & Management Consulting
Guide to Competitive Assessment,https://flevy.com/browse/marketplace/guide-to-competitive-assessment-760,Strategy & Transformation,PowerPoint,122,Documents & Files
Marketing Audit - 360 Performance Assessment,https://flevy.com/browse/marketplace/marketing-audit-360-performance-assessment-1501,Strategy & Transformation,Excel,,Visual Time Value
PMO - Performance Management Plan,https://flevy.com/browse/flevypro/pmo-performance-management-plan-2430,Strategy & Transformation,Excel,,Flevy
Integrated Strategy Model for Value Creation,https://flevy.com/browse/flevypro/integrated-strategy-model-for-value-creation-2840,Strategy & Transformation,PowerPoint,26,PPT Lab
Building Blocks of Data Monetization,https://flevy.com/browse/flevypro/building-blocks-of-data-monetization-3171,Strategy & Transformation,PowerPoint,23,LearnPPT Consulting
McKinsey CEO Excellence Framework,https://flevy.com/browse/marketplace/mckinsey-ceo-excellence-framework-7653,Strategy & Transformation,PowerPoint,251,SB Consulting 
Chief Product Officer (CPO) Toolkit,https://flevy.com/browse/marketplace/chief-product-officer-cpo-toolkit-7710,Strategy & Transformation,PowerPoint,306,SB Consulting 
Accelerated Transformation & Turnaround,https://flevy.com/browse/marketplace/accelerated-transformation-and-turnaround-7624,Strategy & Transformation,PowerPoint,316,SB Consulting 
Sales and Marketing Alignment Tool,https://flevy.com/browse/marketplace/sales-and-marketing-alignment-tool-314,Strategy & Transformation,Excel,,Demand Metric
Pricing Strategy Template,https://flevy.com/browse/marketplace/pricing-strategy-template-319,Strategy & Transformation,Word,6,Demand Metric
Design Thinking Project Template,https://flevy.com/browse/marketplace/design-thinking-project-template-2486,Strategy & Transformation,PowerPoint,71,Operational Excellence Consulting
Brand Equity Strategy,https://flevy.com/browse/marketplace/brand-equity-strategy-7846,Strategy & Transformation,PowerPoint,121,SB Consulting 
Innovation Consulting Playbook (+Templates),https://flevy.com/browse/marketplace/innovation-consulting-playbook-templates-9406,Strategy & Transformation,PowerPoint,1320,SB Consulting 
Mastering High Tariff Markets (A Complete Guide),https://flevy.com/browse/marketplace/mastering-high-tariff-markets-a-complete-guide-9468,Strategy & Transformation,PowerPoint,326,SB Consulting 
KPI Business Development Manager,https://flevy.com/browse/marketplace/kpi-business-development-manager-8954,Strategy & Transformation,Excel,,UJ Consulting
Biotechnology Value Chain,https://flevy.com/browse/marketplace/biotechnology-value-chain-8631,Strategy & Transformation,PowerPoint,31,LearnPPT Consulting
The Silly Cow Exercise,https://flevy.com/browse/marketplace/the-silly-cow-exercise-5397,Strategy & Transformation,PowerPoint,23,Operational Excellence Consulting
Resource-Based View (RBV) and VRIN Framework,https://flevy.com/browse/flevypro/resource-based-view-rbv-and-vrin-framework-8389,Strategy & Transformation,PowerPoint,30,LearnPPT Consulting
Brand Essence Wheel,https://flevy.com/browse/flevypro/brand-essence-wheel-8836,Strategy & Transformation,PowerPoint,35,LearnPPT Consulting
Strategic Planning PowerPoint Template,https://flevy.com/browse/marketplace/strategic-planning-powerpoint-template-2356,Strategy & Transformation,PowerPoint,78,Marketingdocs
Business Model Navigator Primer,https://flevy.com/browse/flevypro/business-model-navigator-primer-9358,Strategy & Transformation,PowerPoint,39,LearnPPT Consulting
Value Creation Framework,https://flevy.com/browse/marketplace/value-creation-framework-745,Strategy & Transformation,PowerPoint,54,Documents & Files
Design Thinking Poster,https://flevy.com/browse/marketplace/design-thinking-poster-5323,Strategy & Transformation,PDF,3,Operational Excellence Consulting
Critical Baselines for Effective Strategic Planning,https://flevy.com/browse/marketplace/critical-baselines-for-effective-strategic-planning-1118,Strategy & Transformation,PowerPoint,29,Echelon Associates
Forecasting Uncertainty,https://flevy.com/browse/flevypro/forecasting-uncertainty-6736,Strategy & Transformation,PowerPoint,29,LearnPPT Consulting
Go-to-Market Revolution - Three Horizons of Change,https://flevy.com/browse/flevypro/go-to-market-revolution-three-horizons-of-change-2905,Strategy & Transformation,PowerPoint,16,LearnPPT Consulting
Disruptive Innovation Primer,https://flevy.com/browse/flevypro/disruptive-innovation-primer-2542,Strategy & Transformation,PowerPoint,16,LearnPPT Consulting
PPT Template for Communicating an Action Plan,https://flevy.com/browse/marketplace/ppt-template-for-communicating-an-action-plan-3461,Strategy & Transformation,PowerPoint,22,Clarity First 
Innovation Management Executive Market Report 2014,https://flevy.com/browse/marketplace/innovation-management-executive-market-report-2014-867,Strategy & Transformation,PDF,35,Innovation Management
Mining Industry (Metals & Minerals) - Value Chain Insights,https://flevy.com/browse/marketplace/mining-industry-metals-and-minerals-value-chain-insights-1659,Strategy & Transformation,PowerPoint,232,Ganesh Rajagopalan
Strategic Planning Simplified,https://flevy.com/browse/marketplace/strategic-planning-simplified-3210,Strategy & Transformation,PDF,96,Haines Centre
Product Line Profitability Analysis,https://flevy.com/browse/marketplace/product-line-profitability-analysis-747,Strategy & Transformation,PowerPoint,62,Documents & Files
How to Conduct Consulting Interviews,https://flevy.com/browse/marketplace/how-to-conduct-consulting-interviews-743,Strategy & Transformation,PowerPoint,32,Documents & Files
Hoshin Kanri Strategy Deployment X-Matrix Template,https://flevy.com/browse/flevypro/hoshin-kanri-strategy-deployment-x-matrix-template-2697,Strategy & Transformation,Excel,,Operational Excellence Consulting LLC
Ultimate Revenue Growth Strategy Guide,https://flevy.com/browse/marketplace/ultimate-revenue-growth-strategy-guide-6796,Strategy & Transformation,PowerPoint,44,Trinity Consulting
Flywheel Strategy,https://flevy.com/browse/flevypro/flywheel-strategy-5904,Strategy & Transformation,PowerPoint,25,LearnPPT Consulting
Strategic Alliance Management,https://flevy.com/browse/flevypro/strategic-alliance-management-5742,Strategy & Transformation,PowerPoint,26,LearnPPT Consulting
Key Performance Indicator (KPI) Strategies: Part 1,https://flevy.com/browse/flevypro/key-performance-indicator-kpi-strategies-part-1-4005,Strategy & Transformation,PowerPoint,22,LearnPPT Consulting
Marketing Organization 2.0,https://flevy.com/browse/flevypro/marketing-organization-2-0-2935,Strategy & Transformation,PowerPoint,21,LearnPPT Consulting
Seven Core Capabilities of Agile Marketing,https://flevy.com/browse/flevypro/seven-core-capabilities-of-agile-marketing-2928,Strategy & Transformation,PowerPoint,21,LearnPPT Consulting
Innovation Strategies & Leaders,https://flevy.com/browse/flevypro/innovation-strategies-and-leaders-3034,Strategy & Transformation,PowerPoint,19,LearnPPT Consulting
Business Architecture Framework,https://flevy.com/browse/marketplace/business-architecture-framework-684,Strategy & Transformation,PowerPoint,8,Documents & Files
Reorganization: New Organization Effectiveness,https://flevy.com/browse/flevypro/reorganization-new-organization-effectiveness-2700,Strategy & Transformation,PowerPoint,16,LearnPPT Consulting
Customer Segmentation and Targeting,https://flevy.com/browse/flevypro/customer-segmentation-and-targeting-1707,Strategy & Transformation,PowerPoint,27,LearnPPT Consulting
Acquisition Integration Approaches,https://flevy.com/browse/flevypro/acquisition-integration-approaches-1868,Strategy & Transformation,PowerPoint,24,PPT Lab
Value Proposition Canvas (VPC) Poster,https://flevy.com/browse/marketplace/value-proposition-canvas-vpc-poster-5410,Strategy & Transformation,PDF,3,Operational Excellence Consulting
Ultimate Repository of Performance Metrics and KPIs,https://flevy.com/browse/marketplace/ultimate-repository-of-performance-metrics-and-kpis-7355,Strategy & Transformation,PowerPoint,854,SB Consulting 
How to Develop and Evaluate Key Performance Indicators (KPIs),https://flevy.com/browse/marketplace/how-to-develop-and-evaluate-key-performance-indicators-kpis-1276,Strategy & Transformation,PDF,13,Dr. Gregg Li
Customer Value Driven Strategic Approach,https://flevy.com/browse/marketplace/customer-value-driven-strategic-approach-1238,Strategy & Transformation,PDF,38,bemola
Enterprise Performance Management,https://flevy.com/browse/marketplace/enterprise-performance-management-8068,Strategy & Transformation,PowerPoint,129,SB Consulting 
Managing KPI with Balanced Scorecard,https://flevy.com/browse/marketplace/managing-kpi-with-balanced-scorecard-6381,Strategy & Transformation,PowerPoint,46,UJ Consulting
Industry Analysis,https://flevy.com/browse/marketplace/industry-analysis-773,Strategy & Transformation,PowerPoint,63,Documents & Files
Plan for Performance Methodology,https://flevy.com/browse/marketplace/plan-for-performance-methodology-746,Strategy & Transformation,PowerPoint,66,Documents & Files
Shareholder Value Analysis,https://flevy.com/browse/marketplace/shareholder-value-analysis-734,Strategy & Transformation,PowerPoint,53,Documents & Files
15 Financial KPIs That Drive High Performance,https://flevy.com/browse/marketplace/15-financial-kpis-that-drive-high-performance-1298,Strategy & Transformation,PowerPoint,39,SlideKraft
Post-merger Integration (PMI): Revenue Synergies,https://flevy.com/browse/flevypro/post-merger-integration-pmi-revenue-synergies-3953,Strategy & Transformation,PowerPoint,27,LearnPPT Consulting
Strategic Decision Making,https://flevy.com/browse/flevypro/strategic-decision-making-4011,Strategy & Transformation,PowerPoint,30,LearnPPT Consulting
Key Performance Indicator (KPI) Strategies: Part 2,https://flevy.com/browse/flevypro/key-performance-indicator-kpi-strategies-part-2-4006,Strategy & Transformation,PowerPoint,23,LearnPPT Consulting
Maintaining Energy-to-Change,https://flevy.com/browse/flevypro/maintaining-energy-to-change-3173,Strategy & Transformation,PowerPoint,21,LearnPPT Consulting
Scenario Planning Primer,https://flevy.com/browse/flevypro/scenario-planning-primer-3784,Strategy & Transformation,PowerPoint,27,LearnPPT Consulting
IT Decision Making Framework,https://flevy.com/browse/flevypro/it-decision-making-framework-2884,Strategy & Transformation,PowerPoint,20,LearnPPT Consulting
Global Talent Innovation,https://flevy.com/browse/flevypro/global-talent-innovation-3732,Strategy & Transformation,PowerPoint,30,LearnPPT Consulting
Purpose-driven Organization Transformation,https://flevy.com/browse/flevypro/purpose-driven-organization-transformation-2858,Strategy & Transformation,PowerPoint,20,LearnPPT Consulting
Dimensions of Core Competence,https://flevy.com/browse/flevypro/dimensions-of-core-competence-2487,Strategy & Transformation,PowerPoint,21,PPT Lab
Mergers and Acquisition (M&A) Financial Model,https://flevy.com/browse/marketplace/mergers-and-acquisition-manda-financial-model-7381,Strategy & Transformation,Excel,,Big4WallStreet
Business Growth Toolkit,https://flevy.com/browse/marketplace/business-growth-toolkit-8995,Strategy & Transformation,PowerPoint,693,SB Consulting 
Digital Marketing Business Toolkit,https://flevy.com/browse/marketplace/digital-marketing-business-toolkit-7172,Strategy & Transformation,PowerPoint,118,SB Consulting 
Strategic Planning Checklists,https://flevy.com/browse/marketplace/strategic-planning-checklists-8862,Strategy & Transformation,PowerPoint,301,SB Consulting 
McKinsey Organic Growth Strategy,https://flevy.com/browse/marketplace/mckinsey-organic-growth-strategy-7720,Strategy & Transformation,PowerPoint,91,SB Consulting 
Business Strategy Execution Primer,https://flevy.com/browse/marketplace/business-strategy-execution-primer-7115,Strategy & Transformation,PowerPoint,142,SB Consulting 
Go To Market (GTM) Strategy,https://flevy.com/browse/marketplace/go-to-market-gtm-strategy-7427,Strategy & Transformation,PowerPoint,86,RadVector  Consulting
Marketing Plan Workbook,https://flevy.com/browse/marketplace/marketing-plan-workbook-3696,Strategy & Transformation,Word,68,Safwan Khan
Strategy Toolkit,https://flevy.com/browse/marketplace/strategy-toolkit-446,Strategy & Transformation,Excel,,Daniel M.
Marketing Research and Forecasting Demand,https://flevy.com/browse/marketplace/marketing-research-and-forecasting-demand-6912,Strategy & Transformation,PowerPoint,56,UJ Consulting
Competency Model & Matrix Development,https://flevy.com/browse/marketplace/competency-model-and-matrix-development-6453,Strategy & Transformation,Word,37,UJ Consulting
Advanced Product Quality Planning (APQP),https://flevy.com/browse/marketplace/advanced-product-quality-planning-apqp-3475,Strategy & Transformation,PowerPoint,66,Operational Excellence Consulting
Strategic Marketing Plan Template,https://flevy.com/browse/marketplace/strategic-marketing-plan-template-676,Strategy & Transformation,Word,35,Documents & Files
Brand Assessment Tool,https://flevy.com/browse/marketplace/brand-assessment-tool-438,Strategy & Transformation,Excel,,Demand Metric
Design Thinking - Overview,https://flevy.com/browse/marketplace/design-thinking-overview-5127,Strategy & Transformation,PowerPoint,46,Ivana Nissen
Business Board (Business Planning Tool),https://flevy.com/browse/marketplace/business-board-business-planning-tool-1037,Strategy & Transformation,Excel,,marijnmulders
SWOT Analysis - Driven Strategic Planning,https://flevy.com/browse/marketplace/swot-analysis-driven-strategic-planning-6350,Strategy & Transformation,PowerPoint,114,UJ Consulting
"Vision, Mission, and Ambition",https://flevy.com/browse/marketplace/vision-mission-and-ambition-1963,Strategy & Transformation,PowerPoint,8,AnyStrategy
Strategic Mastery Toolkit,https://flevy.com/browse/marketplace/strategic-mastery-toolkit-7785,Strategy & Transformation,PowerPoint,261,SB Consulting 
Turnaround Management,https://flevy.com/browse/marketplace/turnaround-management-7063,Strategy & Transformation,PowerPoint,92,SB Consulting 
Sales and Marketing Alignment,https://flevy.com/browse/marketplace/sales-and-marketing-alignment-8805,Strategy & Transformation,PowerPoint,58,RadVector  Consulting
Design Thinking Frameworks Reference Guide,https://flevy.com/browse/marketplace/design-thinking-frameworks-reference-guide-5685,Strategy & Transformation,PowerPoint,324,Operational Excellence Consulting
The Net Promoter Score (NPS),https://flevy.com/browse/marketplace/the-net-promoter-score-nps-3140,Strategy & Transformation,PowerPoint,47,Operational Excellence Consulting LLC
Field Sales Tracker/Dashboard,https://flevy.com/browse/marketplace/field-sales-tracker-dashboard-79,Strategy & Transformation,Excel,,giovanni
Valuation Training,https://flevy.com/browse/marketplace/valuation-training-777,Strategy & Transformation,PowerPoint,164,Documents & Files
M&A-driven Organizational Design,https://flevy.com/browse/flevypro/manda-driven-organizational-design-3203,Strategy & Transformation,PowerPoint,21,LearnPPT Consulting
M&A - Fit for Growth,https://flevy.com/browse/flevypro/manda-fit-for-growth-3157,Strategy & Transformation,PowerPoint,21,LearnPPT Consulting
Go-to-Market Platform Design,https://flevy.com/browse/flevypro/go-to-market-platform-design-3744,Strategy & Transformation,PowerPoint,25,LearnPPT Consulting
Alliance Development,https://flevy.com/browse/flevypro/alliance-development-3337,Strategy & Transformation,PowerPoint,18,LearnPPT Consulting
Four Approaches to Business Model Innovation (BMI),https://flevy.com/browse/flevypro/four-approaches-to-business-model-innovation-bmi-2917,Strategy & Transformation,PowerPoint,23,LearnPPT Consulting
Capabilities-Driven Strategy (CDS),https://flevy.com/browse/flevypro/capabilities-driven-strategy-cds-3677,Strategy & Transformation,PowerPoint,24,LearnPPT Consulting
Multisided Platform (MSP) Strategy,https://flevy.com/browse/flevypro/multisided-platform-msp-strategy-5567,Strategy & Transformation,PowerPoint,34,PPT Lab
Strategy and Finance Alignment,https://flevy.com/browse/flevypro/strategy-and-finance-alignment-3684,Strategy & Transformation,PowerPoint,22,LearnPPT Consulting
Design Sprint,https://flevy.com/browse/flevypro/design-sprint-3200,Strategy & Transformation,PowerPoint,23,LearnPPT Consulting
Purpose-driven Analytics,https://flevy.com/browse/flevypro/purpose-driven-analytics-3959,Strategy & Transformation,PowerPoint,26,LearnPPT Consulting
Value Creation Framework Series: Primer,https://flevy.com/browse/flevypro/value-creation-framework-series-primer-3911,Strategy & Transformation,PowerPoint,28,LearnPPT Consulting
10 Sanity Tests for Strategy Development,https://flevy.com/browse/flevypro/10-sanity-tests-for-strategy-development-3324,Strategy & Transformation,PowerPoint,23,LearnPPT Consulting
Strategy Execution Management,https://flevy.com/browse/marketplace/strategy-execution-management-9185,Strategy & Transformation,PowerPoint,770,SB Consulting 
Acquisition Strategy Toolkit,https://flevy.com/browse/marketplace/acquisition-strategy-toolkit-9150,Strategy & Transformation,PowerPoint,781,SB Consulting 
Data Monetization,https://flevy.com/browse/marketplace/data-monetization-8070,Strategy & Transformation,PowerPoint,126,SB Consulting 
Performance Management Toolkit,https://flevy.com/browse/marketplace/performance-management-toolkit-7094,Strategy & Transformation,PowerPoint,164,SB Consulting 
Mergers & Acquisitions (M&A) Financial Model,https://flevy.com/browse/marketplace/mergers-and-acquisitions-manda-financial-model-5593,Strategy & Transformation,Excel,,Profit Vision
Strategy Toolkit,https://flevy.com/browse/marketplace/strategy-toolkit-458,Strategy & Transformation,PDF,98,noelhan90
Constructing a Market Entry Business Case,https://flevy.com/browse/marketplace/constructing-a-market-entry-business-case-195,Strategy & Transformation,PowerPoint,6,T. Glassman // Exelis Capital & Advisory
IT Due Diligence Exercise Template,https://flevy.com/browse/marketplace/it-due-diligence-exercise-template-278,Strategy & Transformation,Word,16,Dartview Consulting
Business Valuation Training Guide,https://flevy.com/browse/marketplace/business-valuation-training-guide-3760,Strategy & Transformation,PowerPoint,62,Corporate Finance 101
Value Pricing,https://flevy.com/browse/marketplace/value-pricing-884,Strategy & Transformation,Excel,,investmentbanker
Brand Valuation - Implementation Toolkit,https://flevy.com/browse/marketplace/brand-valuation-implementation-toolkit-5765,Strategy & Transformation,Excel,,Gerard Blokdijk
Emerging Markets and International Business Strategy,https://flevy.com/browse/marketplace/emerging-markets-and-international-business-strategy-7253,Strategy & Transformation,PowerPoint,251,SB Consulting 
Strategy Essential Guide,https://flevy.com/browse/marketplace/strategy-essential-guide-7056,Strategy & Transformation,PowerPoint,205,SB Consulting 
Brand Management Toolkit,https://flevy.com/browse/marketplace/brand-management-toolkit-7953,Strategy & Transformation,PowerPoint,102,SB Consulting 
Strategy Operationalization,https://flevy.com/browse/marketplace/strategy-operationalization-8018,Strategy & Transformation,PowerPoint,85,SB Consulting 
Chief Commercial Officer (CCO) Toolkit,https://flevy.com/browse/marketplace/chief-commercial-officer-cco-toolkit-8132,Strategy & Transformation,PowerPoint,108,SB Consulting 
Lean Selling Strategy,https://flevy.com/browse/marketplace/lean-selling-strategy-8233,Strategy & Transformation,PowerPoint,107,SB Consulting 
Jobs-To-Be-Done (JTBD) Framework,https://flevy.com/browse/marketplace/jobs-to-be-done-jtbd-framework-9203,Strategy & Transformation,PowerPoint,157,Operational Excellence Consulting
Joint Venture Waterfall: GP Catch-up Option,https://flevy.com/browse/marketplace/joint-venture-waterfall-gp-catch-up-option-6964,Strategy & Transformation,Excel,,Jason Varner | SmartHelping
KPI Sales & Marketing Supervisor,https://flevy.com/browse/marketplace/kpi-sales-and-marketing-supervisor-9016,Strategy & Transformation,Excel,,UJ Consulting
Strategy Management Office (SMO),https://flevy.com/browse/marketplace/strategy-management-office-smo-7692,Strategy & Transformation,PowerPoint,306,SB Consulting 
Customer Loyalty,https://flevy.com/browse/marketplace/customer-loyalty-699,Strategy & Transformation,PowerPoint,89,Documents & Files
Strategy Frameworks Manual,https://flevy.com/browse/marketplace/strategy-frameworks-manual-3277,Strategy & Transformation,PowerPoint,159,Documents & Files
Business Unit Strategic Plan Training,https://flevy.com/browse/marketplace/business-unit-strategic-plan-training-687,Strategy & Transformation,PowerPoint,50,Documents & Files
Value Based Management Tools,https://flevy.com/browse/marketplace/value-based-management-tools-1381,Strategy & Transformation,PowerPoint,55,SlideKraft
Market Entry Assessment Guide,https://flevy.com/browse/marketplace/market-entry-assessment-guide-3768,Strategy & Transformation,PowerPoint,39,Corporate Finance 101
Services Growth & Effectiveness Approach,https://flevy.com/browse/marketplace/services-growth-and-effectiveness-approach-736,Strategy & Transformation,PowerPoint,17,Documents & Files
Performance-driven Culture,https://flevy.com/browse/flevypro/performance-driven-culture-6401,Strategy & Transformation,PowerPoint,26,LearnPPT Consulting
Re-engagement after Restructuring,https://flevy.com/browse/flevypro/re-engagement-after-restructuring-5451,Strategy & Transformation,PowerPoint,23,LearnPPT Consulting
Strategy Classics: Porter's Value Chain,https://flevy.com/browse/flevypro/strategy-classics-porters-value-chain-4058,Strategy & Transformation,PowerPoint,23,LearnPPT Consulting
4 Schools of Strategy,https://flevy.com/browse/flevypro/4-schools-of-strategy-5943,Strategy & Transformation,PowerPoint,28,LearnPPT Consulting
Scenario Planning: Oxford Approach,https://flevy.com/browse/flevypro/scenario-planning-oxford-approach-6216,Strategy & Transformation,PowerPoint,28,LearnPPT Consulting
Platform Business Models,https://flevy.com/browse/flevypro/platform-business-models-5647,Strategy & Transformation,PowerPoint,31,LearnPPT Consulting
Capabilities-driven Growth Strategy,https://flevy.com/browse/flevypro/capabilities-driven-growth-strategy-6653,Strategy & Transformation,PowerPoint,27,LearnPPT Consulting
Capabilities-driven IT Strategy,https://flevy.com/browse/flevypro/capabilities-driven-it-strategy-5977,Strategy & Transformation,PowerPoint,32,LearnPPT Consulting
Sales Management Ecosystem,https://flevy.com/browse/flevypro/sales-management-ecosystem-5331,Strategy & Transformation,PowerPoint,27,LearnPPT Consulting
Price War Strategy,https://flevy.com/browse/flevypro/price-war-strategy-5115,Strategy & Transformation,PowerPoint,23,LearnPPT Consulting
M&A Growth Strategy: Pre-deal Preparation,https://flevy.com/browse/flevypro/manda-growth-strategy-pre-deal-preparation-5680,Strategy & Transformation,PowerPoint,21,LearnPPT Consulting
"VUCA (Volatile, Uncertain, Complex, Ambiguous)",https://flevy.com/browse/flevypro/vuca-volatile-uncertain-complex-ambiguous-5270,Strategy & Transformation,PowerPoint,26,LearnPPT Consulting
Burke-Litwin Change Model,https://flevy.com/browse/flevypro/burke-litwin-change-model-3981,Strategy & Transformation,PowerPoint,26,LearnPPT Consulting
Service 4.0: Service Innovation,https://flevy.com/browse/flevypro/service-4-0-service-innovation-3398,Strategy & Transformation,PowerPoint,25,LearnPPT Consulting
Strategic Pricing Management,https://flevy.com/browse/flevypro/strategic-pricing-management-3303,Strategy & Transformation,PowerPoint,25,LearnPPT Consulting
Strategy Chessboard - Maintain Foresight and Flexibility,https://flevy.com/browse/flevypro/strategy-chessboard-maintain-foresight-and-flexibility-3129,Strategy & Transformation,PowerPoint,22,LearnPPT Consulting
Innovation Leadership Mindset,https://flevy.com/browse/flevypro/innovation-leadership-mindset-4037,Strategy & Transformation,PowerPoint,29,LearnPPT Consulting
Strategic Review Approach,https://flevy.com/browse/marketplace/strategic-review-approach-758,Strategy & Transformation,PowerPoint,148,Documents & Files
7 Steps to Brainstorming,https://flevy.com/browse/flevypro/7-steps-to-brainstorming-3499,Strategy & Transformation,PowerPoint,20,LearnPPT Consulting
Marketing Automation: Customer Lifetime Value,https://flevy.com/browse/flevypro/marketing-automation-customer-lifetime-value-3008,Strategy & Transformation,PowerPoint,20,LearnPPT Consulting
Kano Customer Satisfaction Model,https://flevy.com/browse/flevypro/kano-customer-satisfaction-model-2425,Strategy & Transformation,PowerPoint,28,PPT Lab
Dimensions of Intelligent Innovation,https://flevy.com/browse/flevypro/dimensions-of-intelligent-innovation-3830,Strategy & Transformation,PowerPoint,32,LearnPPT Consulting
Customer Relationship Management (CRM) Business Toolkit,https://flevy.com/browse/marketplace/customer-relationship-management-crm-business-toolkit-7246,Strategy & Transformation,PowerPoint,147,SB Consulting 
Sales Order Processing Business Toolkit,https://flevy.com/browse/marketplace/sales-order-processing-business-toolkit-7459,Strategy & Transformation,PowerPoint,303,SB Consulting 
Performance-Driven Culture Toolkit,https://flevy.com/browse/marketplace/performance-driven-culture-toolkit-7959,Strategy & Transformation,PowerPoint,107,SB Consulting 
Corporate Spin-Offs - A Complete Guide,https://flevy.com/browse/marketplace/corporate-spin-offs-a-complete-guide-8634,Strategy & Transformation,PowerPoint,153,SB Consulting 
Board Governance Strategy,https://flevy.com/browse/marketplace/board-governance-strategy-8353,Strategy & Transformation,PowerPoint,184,SB Consulting 
Sales Negotiation Toolkit,https://flevy.com/browse/marketplace/sales-negotiation-toolkit-9400,Strategy & Transformation,PowerPoint,1399,SB Consulting 
Full M&A Excel Toolkit,https://flevy.com/browse/marketplace/full-manda-excel-toolkit-8575,Strategy & Transformation,Excel,,SB Consulting 
Product Lifecycle Management (PLM),https://flevy.com/browse/marketplace/product-lifecycle-management-plm-8842,Strategy & Transformation,PowerPoint,45,RadVector  Consulting
KPI Salesman,https://flevy.com/browse/marketplace/kpi-salesman-9020,Strategy & Transformation,Excel,,UJ Consulting
Competencies Dictionary with Proficiency Level,https://flevy.com/browse/marketplace/competencies-dictionary-with-proficiency-level-6340,Strategy & Transformation,PowerPoint,63,UJ Consulting
Building a Marketing Organization that Drives Growth,https://flevy.com/browse/marketplace/building-a-marketing-organization-that-drives-growth-6377,Strategy & Transformation,PowerPoint,32,UJ Consulting
Strategic Plan Template,https://flevy.com/browse/marketplace/strategic-plan-template-3209,Strategy & Transformation,Word,38,Haines Centre
Service Design (Design Thinking for Services),https://flevy.com/browse/marketplace/service-design-design-thinking-for-services-5264,Strategy & Transformation,PowerPoint,143,Operational Excellence Consulting
Design Thinking Frameworks & Models,https://flevy.com/browse/marketplace/design-thinking-frameworks-and-models-2870,Strategy & Transformation,PowerPoint,116,Operational Excellence Consulting
Streamlined Sales Strategies for SaaS Businesses,https://flevy.com/browse/marketplace/streamlined-sales-strategies-for-saas-businesses-2976,Strategy & Transformation,PowerPoint,46,Expert Sales Consulting
Product Strategy - Comprehensive Framework,https://flevy.com/browse/marketplace/product-strategy-comprehensive-framework-5353,Strategy & Transformation,PowerPoint,21,Aadhya Solutions
HR Competency Framework,https://flevy.com/browse/marketplace/hr-competency-framework-5540,Strategy & Transformation,PowerPoint,10,Corporate Finance 101
Strategic Planning and Execution - Best Practice,https://flevy.com/browse/marketplace/strategic-planning-and-execution-best-practice-6488,Strategy & Transformation,PowerPoint,55,UJ Consulting
61 High Performance Sales KPIs,https://flevy.com/browse/marketplace/61-high-performance-sales-kpis-1585,Strategy & Transformation,PowerPoint,62,SlideKraft
"Empathy Map - Poster (A0, A1, A2)",https://flevy.com/browse/marketplace/empathy-map-poster-a0-a1-a2-5821,Strategy & Transformation,PDF,1,Ivana Nissen
New Venture Due Diligence Checklist,https://flevy.com/browse/marketplace/new-venture-due-diligence-checklist-674,Strategy & Transformation,Word,9,Documents & Files
Benchmarking and Objectives & Key Results (OKR),https://flevy.com/browse/marketplace/benchmarking-and-objectives-and-key-results-okr-7149,Strategy & Transformation,PowerPoint,140,SB Consulting 
Creativity: How to Generate Innovative Ideas,https://flevy.com/browse/marketplace/creativity-how-to-generate-innovative-ideas-920,Strategy & Transformation,PowerPoint,100,Operational Excellence Consulting
KPI Compilation: 400+ Customer Service KPIs,https://flevy.com/browse/marketplace/kpi-compilation-400-customer-service-kpis-7880,Strategy & Transformation,PowerPoint,97,LearnPPT Consulting
Commercial Due Diligence (CDD) Information Gathering Checklist,https://flevy.com/browse/marketplace/commercial-due-diligence-cdd-information-gathering-checklist-8204,Strategy & Transformation,PowerPoint,59,LearnPPT Consulting
Auditing and Improving Business Performance,https://flevy.com/browse/marketplace/auditing-and-improving-business-performance-216,Strategy & Transformation,PDF,42,John Kyriazoglou
Strategy Planning and Deployment - Project Management Templates,https://flevy.com/browse/flevypro/strategy-planning-and-deployment-project-management-templates-2695,Strategy & Transformation,Excel,,Operational Excellence Consulting LLC
Employee Performance Guide,https://flevy.com/browse/marketplace/employee-performance-guide-304,Strategy & Transformation,PowerPoint,32,Pontifica
Marketing and Sales Funnel PowerPoint Templates,https://flevy.com/browse/marketplace/marketing-and-sales-funnel-powerpoint-templates-70,Strategy & Transformation,PowerPoint,8,LearnPPT Consulting
Cynefin Framework,https://flevy.com/browse/flevypro/cynefin-framework-7184,Strategy & Transformation,PowerPoint,28,LearnPPT Consulting
Product Strategy: Key Challenges of Smart Customization,https://flevy.com/browse/flevypro/product-strategy-key-challenges-of-smart-customization-3780,Strategy & Transformation,PowerPoint,28,LearnPPT Consulting
Redeployment after Restructuring,https://flevy.com/browse/flevypro/redeployment-after-restructuring-5408,Strategy & Transformation,PowerPoint,28,LearnPPT Consulting
Products to Platforms Transformation,https://flevy.com/browse/flevypro/products-to-platforms-transformation-5191,Strategy & Transformation,PowerPoint,22,LearnPPT Consulting
Megatrends Framework,https://flevy.com/browse/flevypro/megatrends-framework-6594,Strategy & Transformation,PowerPoint,28,LearnPPT Consulting
Sales Compensation Cycle,https://flevy.com/browse/flevypro/sales-compensation-cycle-5276,Strategy & Transformation,PowerPoint,26,LearnPPT Consulting
M&A Growth Strategy: Post-deal Closure,https://flevy.com/browse/flevypro/manda-growth-strategy-post-deal-closure-5682,Strategy & Transformation,PowerPoint,24,LearnPPT Consulting
Capabilities-driven M&A,https://flevy.com/browse/flevypro/capabilities-driven-manda-6044,Strategy & Transformation,PowerPoint,34,LearnPPT Consulting
Functional Strategy,https://flevy.com/browse/flevypro/functional-strategy-6093,Strategy & Transformation,PowerPoint,28,LearnPPT Consulting
"VRIO (Value, Rarity, Imitability, Organization) Framework",https://flevy.com/browse/flevypro/vrio-value-rarity-imitability-organization-framework-7843,Strategy & Transformation,PowerPoint,33,LearnPPT Consulting
Innovation Organization,https://flevy.com/browse/flevypro/innovation-organization-3834,Strategy & Transformation,PowerPoint,28,LearnPPT Consulting
4 Levers of Control,https://flevy.com/browse/flevypro/4-levers-of-control-2663,Strategy & Transformation,PowerPoint,17,PPT Lab
Products to Platforms Primer,https://flevy.com/browse/flevypro/products-to-platforms-primer-3267,Strategy & Transformation,PowerPoint,20,LearnPPT Consulting
M&A Turnaround Strategy,https://flevy.com/browse/flevypro/manda-turnaround-strategy-5566,Strategy & Transformation,PowerPoint,30,LearnPPT Consulting
Strategy Classics: Porter's Five Forces,https://flevy.com/browse/flevypro/strategy-classics-porters-five-forces-4051,Strategy & Transformation,PowerPoint,28,LearnPPT Consulting
Value Patterns,https://flevy.com/browse/flevypro/value-patterns-2927,Strategy & Transformation,PowerPoint,18,LearnPPT Consulting
Psychology of Market Entry Analysis,https://flevy.com/browse/flevypro/psychology-of-market-entry-analysis-3439,Strategy & Transformation,PowerPoint,27,LearnPPT Consulting
Brainstorming for Consultants,https://flevy.com/browse/flevypro/brainstorming-for-consultants-3543,Strategy & Transformation,PowerPoint,23,LearnPPT Consulting
Four Stages of Customer Insight (CI) Maturity,https://flevy.com/browse/flevypro/four-stages-of-customer-insight-ci-maturity-2807,Strategy & Transformation,PowerPoint,21,PPT Lab
Total Shareholder Return (TSR),https://flevy.com/browse/flevypro/total-shareholder-return-tsr-2913,Strategy & Transformation,PowerPoint,23,LearnPPT Consulting
Branding Pentagram Model,https://flevy.com/browse/flevypro/branding-pentagram-model-2723,Strategy & Transformation,PowerPoint,16,PPT Lab
